position,inclusion_freq,expected_p
0,0.0521,0.05
1,0.0494,0.05
2,0.0517,0.05
3,0.04885,0.05
4,0.0497,0.05
5,0.04885,0.05
6,0.04885,0.05
7,0.04865,0.05
8,0.0484,0.05
9,0.04855,0.05
10,0.0488,0.05
11,0.0515,0.05
12,0.0509,0.05
13,0.0526,0.05
14,0.04775,0.05
15,0.0504,0.05
16,0.04975,0.05
17,0.0505,0.05
18,0.0511,0.05
19,0.05085,0.05
20,0.0485,0.05
21,0.05075,0.05
22,0.04865,0.05
23,0.05205,0.05
24,0.05,0.05
25,0.0486,0.05
26,0.0473,0.05
27,0.0513,0.05
28,0.0528,0.05
29,0.0513,0.05
30,0.0493,0.05
31,0.05015,0.05
32,0.05005,0.05
33,0.05115,0.05
34,0.0524,0.05
35,0.0491,0.05
36,0.0488,0.05
37,0.0499,0.05
38,0.04725,0.05
39,0.0497,0.05
40,0.05015,0.05
41,0.05075,0.05
42,0.0501,0.05
43,0.0489,0.05
44,0.0511,0.05
45,0.05085,0.05
46,0.05175,0.05
47,0.05215,0.05
48,0.05035,0.05
49,0.0512,0.05
50,0.0467,0.05
51,0.04885,0.05
52,0.0532,0.05
53,0.052,0.05
54,0.0507,0.05
55,0.0473,0.05
56,0.05025,0.05
57,0.04895,0.05
58,0.0502,0.05
59,0.05365,0.05
60,0.05055,0.05
61,0.0501,0.05
62,0.04895,0.05
63,0.05025,0.05
64,0.051,0.05
65,0.0488,0.05
66,0.04895,0.05
67,0.0482,0.05
68,0.052,0.05
69,0.0494,0.05
70,0.0498,0.05
71,0.0477,0.05
72,0.0506,0.05
73,0.0481,0.05
74,0.05105,0.05
75,0.04705,0.05
76,0.04895,0.05
77,0.04955,0.05
78,0.0529,0.05
79,0.04565,0.05
80,0.0521,0.05
81,0.05225,0.05
82,0.0498,0.05
83,0.05,0.05
84,0.0482,0.05
85,0.05165,0.05
86,0.05145,0.05
87,0.0514,0.05
88,0.0515,0.05
89,0.0507,0.05
90,0.0483,0.05
91,0.0486,0.05
92,0.0507,0.05
93,0.049,0.05
94,0.0504,0.05
95,0.05015,0.05
96,0.04715,0.05
97,0.04935,0.05
98,0.0501,0.05
99,0.04975,0.05
100,0.04845,0.05
101,0.05185,0.05
102,0.04915,0.05
103,0.04775,0.05
104,0.0498,0.05
105,0.0509,0.05
106,0.04955,0.05
107,0.0473,0.05
108,0.04995,0.05
109,0.05045,0.05
110,0.0508,0.05
111,0.05195,0.05
112,0.05025,0.05
113,0.04765,0.05
114,0.0509,0.05
115,0.05025,0.05
116,0.04875,0.05
117,0.05,0.05
118,0.0497,0.05
119,0.0508,0.05
120,0.049,0.05
121,0.05125,0.05
122,0.0496,0.05
123,0.0504,0.05
124,0.05065,0.05
125,0.04985,0.05
126,0.0477,0.05
127,0.04965,0.05
128,0.05045,0.05
129,0.04765,0.05
130,0.04875,0.05
131,0.0523,0.05
132,0.04865,0.05
133,0.05025,0.05
134,0.04835,0.05
135,0.0477,0.05
136,0.0482,0.05
137,0.047,0.05
138,0.04915,0.05
139,0.0511,0.05
140,0.0523,0.05
141,0.0504,0.05
142,0.04875,0.05
143,0.0508,0.05
144,0.04935,0.05
145,0.04875,0.05
146,0.0499,0.05
147,0.04635,0.05
148,0.05065,0.05
149,0.05225,0.05
150,0.0507,0.05
151,0.05215,0.05
152,0.0514,0.05
153,0.04835,0.05
154,0.04915,0.05
155,0.05305,0.05
156,0.05145,0.05
157,0.049,0.05
158,0.05135,0.05
159,0.0501,0.05
160,0.05055,0.05
161,0.0486,0.05
162,0.05,0.05
163,0.051,0.05
164,0.04885,0.05
165,0.05055,0.05
166,0.04925,0.05
167,0.04725,0.05
168,0.04785,0.05
169,0.0495,0.05
170,0.04785,0.05
171,0.0486,0.05
172,0.0498,0.05
173,0.05135,0.05
174,0.0479,0.05
175,0.04995,0.05
176,0.04925,0.05
177,0.05065,0.05
178,0.0496,0.05
179,0.0498,0.05
180,0.0496,0.05
181,0.0502,0.05
182,0.0503,0.05
183,0.04965,0.05
184,0.0506,0.05
185,0.05175,0.05
186,0.04975,0.05
187,0.0479,0.05
188,0.05225,0.05
189,0.0523,0.05
190,0.0492,0.05
191,0.052,0.05
192,0.0519,0.05
193,0.0472,0.05
194,0.05025,0.05
195,0.05215,0.05
196,0.04915,0.05
197,0.0516,0.05
198,0.05085,0.05
199,0.0498,0.05
200,0.04705,0.05
201,0.0531,0.05
202,0.0514,0.05
203,0.0505,0.05
204,0.05255,0.05
205,0.0507,0.05
206,0.04895,0.05
207,0.0476,0.05
208,0.05015,0.05
209,0.0499,0.05
210,0.0483,0.05
211,0.051,0.05
212,0.04925,0.05
213,0.048,0.05
214,0.04825,0.05
215,0.04775,0.05
216,0.04865,0.05
217,0.05285,0.05
218,0.0493,0.05
219,0.04975,0.05
220,0.05045,0.05
221,0.05125,0.05
222,0.05085,0.05
223,0.0485,0.05
224,0.05195,0.05
225,0.05055,0.05
226,0.0495,0.05
227,0.04935,0.05
228,0.051,0.05
229,0.04905,0.05
230,0.0498,0.05
231,0.04725,0.05
232,0.0536,0.05
233,0.04915,0.05
234,0.0526,0.05
235,0.0483,0.05
236,0.0523,0.05
237,0.0511,0.05
238,0.05045,0.05
239,0.0468,0.05
240,0.04935,0.05
241,0.0514,0.05
242,0.0505,0.05
243,0.0504,0.05
244,0.05365,0.05
245,0.0545,0.05
246,0.04945,0.05
247,0.0495,0.05
248,0.04985,0.05
249,0.04945,0.05
250,0.04725,0.05
251,0.0509,0.05
252,0.05015,0.05
253,0.05045,0.05
254,0.0505,0.05
255,0.05065,0.05
256,0.05125,0.05
257,0.0473,0.05
258,0.04965,0.05
259,0.0495,0.05
260,0.0508,0.05
261,0.05015,0.05
262,0.0477,0.05
263,0.0513,0.05
264,0.05285,0.05
265,0.05035,0.05
266,0.05055,0.05
267,0.04875,0.05
268,0.05105,0.05
269,0.04905,0.05
270,0.0514,0.05
271,0.0508,0.05
272,0.05005,0.05
273,0.05195,0.05
274,0.04955,0.05
275,0.0486,0.05
276,0.0478,0.05
277,0.0519,0.05
278,0.0482,0.05
279,0.04925,0.05
280,0.0503,0.05
281,0.0513,0.05
282,0.04995,0.05
283,0.04895,0.05
284,0.0502,0.05
285,0.04965,0.05
286,0.04775,0.05
287,0.0512,0.05
288,0.0468,0.05
289,0.04855,0.05
290,0.05225,0.05
291,0.05015,0.05
292,0.05055,0.05
293,0.0517,0.05
294,0.048,0.05
295,0.0527,0.05
296,0.05085,0.05
297,0.0503,0.05
298,0.05005,0.05
299,0.05085,0.05
300,0.04835,0.05
301,0.0495,0.05
302,0.05175,0.05
303,0.049,0.05
304,0.0492,0.05
305,0.0492,0.05
306,0.0478,0.05
307,0.0503,0.05
308,0.05005,0.05
309,0.05095,0.05
310,0.049,0.05
311,0.0496,0.05
312,0.0488,0.05
313,0.0495,0.05
314,0.04795,0.05
315,0.05075,0.05
316,0.0519,0.05
317,0.04955,0.05
318,0.0498,0.05
319,0.0495,0.05
320,0.05025,0.05
321,0.04675,0.05
322,0.0516,0.05
323,0.05025,0.05
324,0.0508,0.05
325,0.05045,0.05
326,0.0516,0.05
327,0.0487,0.05
328,0.05015,0.05
329,0.05265,0.05
330,0.0487,0.05
331,0.049,0.05
332,0.04915,0.05
333,0.0531,0.05
334,0.04925,0.05
335,0.04815,0.05
336,0.04955,0.05
337,0.05035,0.05
338,0.04865,0.05
339,0.0535,0.05
340,0.05005,0.05
341,0.0479,0.05
342,0.0499,0.05
343,0.04815,0.05
344,0.05245,0.05
345,0.05315,0.05
346,0.05135,0.05
347,0.05035,0.05
348,0.0525,0.05
349,0.0485,0.05
350,0.0519,0.05
351,0.0509,0.05
352,0.0513,0.05
353,0.0486,0.05
354,0.0505,0.05
355,0.05125,0.05
356,0.0512,0.05
357,0.04915,0.05
358,0.0488,0.05
359,0.04935,0.05
360,0.04905,0.05
361,0.05135,0.05
362,0.04795,0.05
363,0.05105,0.05
364,0.05055,0.05
365,0.0507,0.05
366,0.0469,0.05
367,0.04835,0.05
368,0.04845,0.05
369,0.0503,0.05
370,0.0495,0.05
371,0.0491,0.05
372,0.05225,0.05
373,0.04745,0.05
374,0.05095,0.05
375,0.0513,0.05
376,0.0496,0.05
377,0.0491,0.05
378,0.04915,0.05
379,0.05295,0.05
380,0.0516,0.05
381,0.05175,0.05
382,0.0467,0.05
383,0.0508,0.05
384,0.04865,0.05
385,0.0514,0.05
386,0.048,0.05
387,0.0486,0.05
388,0.05245,0.05
389,0.05055,0.05
390,0.0498,0.05
391,0.05115,0.05
392,0.05065,0.05
393,0.04845,0.05
394,0.04805,0.05
395,0.04955,0.05
396,0.0502,0.05
397,0.04915,0.05
398,0.0496,0.05
399,0.04815,0.05
400,0.0485,0.05
401,0.05055,0.05
402,0.04865,0.05
403,0.05225,0.05
404,0.04945,0.05
405,0.05005,0.05
406,0.05275,0.05
407,0.049,0.05
408,0.0519,0.05
409,0.04595,0.05
410,0.04905,0.05
411,0.0499,0.05
412,0.0495,0.05
413,0.0503,0.05
414,0.04925,0.05
415,0.05375,0.05
416,0.04805,0.05
417,0.04905,0.05
418,0.05005,0.05
419,0.0497,0.05
420,0.0512,0.05
421,0.05345,0.05
422,0.0529,0.05
423,0.04845,0.05
424,0.04845,0.05
425,0.05005,0.05
426,0.0474,0.05
427,0.0502,0.05
428,0.05005,0.05
429,0.05165,0.05
430,0.05155,0.05
431,0.0494,0.05
432,0.0533,0.05
433,0.0506,0.05
434,0.0531,0.05
435,0.049,0.05
436,0.04975,0.05
437,0.04805,0.05
438,0.0511,0.05
439,0.05165,0.05
440,0.0498,0.05
441,0.0524,0.05
442,0.0466,0.05
443,0.04985,0.05
444,0.0479,0.05
445,0.05075,0.05
446,0.05165,0.05
447,0.0485,0.05
448,0.0499,0.05
449,0.04915,0.05
450,0.05045,0.05
451,0.05125,0.05
452,0.0504,0.05
453,0.0473,0.05
454,0.05085,0.05
455,0.0479,0.05
456,0.051,0.05
457,0.0488,0.05
458,0.04935,0.05
459,0.04715,0.05
460,0.04825,0.05
461,0.04915,0.05
462,0.04975,0.05
463,0.04915,0.05
464,0.0498,0.05
465,0.04965,0.05
466,0.053,0.05
467,0.05105,0.05
468,0.05035,0.05
469,0.05265,0.05
470,0.04735,0.05
471,0.04955,0.05
472,0.04915,0.05
473,0.0503,0.05
474,0.05325,0.05
475,0.05055,0.05
476,0.05,0.05
477,0.05215,0.05
478,0.04965,0.05
479,0.0505,0.05
480,0.0533,0.05
481,0.0505,0.05
482,0.04925,0.05
483,0.0534,0.05
484,0.0506,0.05
485,0.05035,0.05
486,0.0527,0.05
487,0.0501,0.05
488,0.0501,0.05
489,0.0525,0.05
490,0.0504,0.05
491,0.0505,0.05
492,0.05195,0.05
493,0.05395,0.05
494,0.0507,0.05
495,0.0504,0.05
496,0.05215,0.05
497,0.05155,0.05
498,0.0501,0.05
499,0.0491,0.05
500,0.0512,0.05
501,0.04655,0.05
502,0.0509,0.05
503,0.05,0.05
504,0.05135,0.05
505,0.04985,0.05
506,0.05225,0.05
507,0.0516,0.05
508,0.04915,0.05
509,0.04935,0.05
510,0.05035,0.05
511,0.0504,0.05
512,0.05175,0.05
513,0.0519,0.05
514,0.04945,0.05
515,0.04945,0.05
516,0.0506,0.05
517,0.0531,0.05
518,0.0497,0.05
519,0.0508,0.05
520,0.0492,0.05
521,0.04995,0.05
522,0.05135,0.05
523,0.05085,0.05
524,0.04695,0.05
525,0.05065,0.05
526,0.0492,0.05
527,0.04825,0.05
528,0.04995,0.05
529,0.0513,0.05
530,0.0505,0.05
531,0.0503,0.05
532,0.05005,0.05
533,0.05015,0.05
534,0.0509,0.05
535,0.0513,0.05
536,0.04735,0.05
537,0.0501,0.05
538,0.05125,0.05
539,0.04975,0.05
540,0.05015,0.05
541,0.05025,0.05
542,0.0507,0.05
543,0.045,0.05
544,0.049,0.05
545,0.0518,0.05
546,0.0513,0.05
547,0.0509,0.05
548,0.0474,0.05
549,0.04985,0.05
550,0.0496,0.05
551,0.0496,0.05
552,0.04945,0.05
553,0.04915,0.05
554,0.0502,0.05
555,0.0501,0.05
556,0.0503,0.05
557,0.051,0.05
558,0.05125,0.05
559,0.04925,0.05
560,0.04875,0.05
561,0.04795,0.05
562,0.04895,0.05
563,0.04985,0.05
564,0.05245,0.05
565,0.0493,0.05
566,0.0496,0.05
567,0.05205,0.05
568,0.0507,0.05
569,0.05375,0.05
570,0.04965,0.05
571,0.05015,0.05
572,0.04855,0.05
573,0.0522,0.05
574,0.05095,0.05
575,0.04965,0.05
576,0.0468,0.05
577,0.04975,0.05
578,0.0513,0.05
579,0.05135,0.05
580,0.05115,0.05
581,0.05185,0.05
582,0.0504,0.05
583,0.0493,0.05
584,0.04875,0.05
585,0.0497,0.05
586,0.05045,0.05
587,0.05045,0.05
588,0.0518,0.05
589,0.0488,0.05
590,0.05285,0.05
591,0.0479,0.05
592,0.05045,0.05
593,0.0508,0.05
594,0.04885,0.05
595,0.04795,0.05
596,0.0473,0.05
597,0.05205,0.05
598,0.0495,0.05
599,0.052,0.05
600,0.0498,0.05
601,0.05145,0.05
602,0.04805,0.05
603,0.04665,0.05
604,0.0492,0.05
605,0.04885,0.05
606,0.0488,0.05
607,0.0493,0.05
608,0.04965,0.05
609,0.04835,0.05
610,0.05145,0.05
611,0.0508,0.05
612,0.0519,0.05
613,0.0484,0.05
614,0.04965,0.05
615,0.051,0.05
616,0.04885,0.05
617,0.049,0.05
618,0.0513,0.05
619,0.0524,0.05
620,0.0495,0.05
621,0.0489,0.05
622,0.0524,0.05
623,0.04815,0.05
624,0.0487,0.05
625,0.04965,0.05
626,0.0503,0.05
627,0.05205,0.05
628,0.04985,0.05
629,0.04925,0.05
630,0.0478,0.05
631,0.0498,0.05
632,0.04795,0.05
633,0.05065,0.05
634,0.05015,0.05
635,0.0517,0.05
636,0.0485,0.05
637,0.05,0.05
638,0.04895,0.05
639,0.052,0.05
640,0.04975,0.05
641,0.04895,0.05
642,0.0527,0.05
643,0.0515,0.05
644,0.05225,0.05
645,0.0497,0.05
646,0.04685,0.05
647,0.04785,0.05
648,0.05005,0.05
649,0.04855,0.05
650,0.0488,0.05
651,0.0462,0.05
652,0.05125,0.05
653,0.04835,0.05
654,0.04995,0.05
655,0.05015,0.05
656,0.04795,0.05
657,0.0493,0.05
658,0.0529,0.05
659,0.0487,0.05
660,0.04735,0.05
661,0.05275,0.05
662,0.04825,0.05
663,0.0518,0.05
664,0.05015,0.05
665,0.0504,0.05
666,0.0499,0.05
667,0.04935,0.05
668,0.0497,0.05
669,0.0518,0.05
670,0.0479,0.05
671,0.05085,0.05
672,0.0522,0.05
673,0.0501,0.05
674,0.04815,0.05
675,0.0493,0.05
676,0.05045,0.05
677,0.0515,0.05
678,0.04955,0.05
679,0.05075,0.05
680,0.05085,0.05
681,0.05175,0.05
682,0.04945,0.05
683,0.0489,0.05
684,0.04915,0.05
685,0.04905,0.05
686,0.0493,0.05
687,0.05015,0.05
688,0.05035,0.05
689,0.05105,0.05
690,0.05175,0.05
691,0.05105,0.05
692,0.0484,0.05
693,0.0494,0.05
694,0.0498,0.05
695,0.051,0.05
696,0.04885,0.05
697,0.0504,0.05
698,0.0499,0.05
699,0.04925,0.05
700,0.04605,0.05
701,0.05465,0.05
702,0.0488,0.05
703,0.05025,0.05
704,0.04985,0.05
705,0.0497,0.05
706,0.04995,0.05
707,0.0511,0.05
708,0.0512,0.05
709,0.0497,0.05
710,0.0508,0.05
711,0.0489,0.05
712,0.0501,0.05
713,0.0527,0.05
714,0.0497,0.05
715,0.04995,0.05
716,0.05005,0.05
717,0.0509,0.05
718,0.04985,0.05
719,0.0502,0.05
720,0.0501,0.05
721,0.04825,0.05
722,0.0521,0.05
723,0.0494,0.05
724,0.04935,0.05
725,0.04785,0.05
726,0.05105,0.05
727,0.05255,0.05
728,0.0502,0.05
729,0.0498,0.05
730,0.0496,0.05
731,0.05045,0.05
732,0.0489,0.05
733,0.0497,0.05
734,0.0476,0.05
735,0.04865,0.05
736,0.04785,0.05
737,0.04975,0.05
738,0.0511,0.05
739,0.05245,0.05
740,0.0512,0.05
741,0.05125,0.05
742,0.0523,0.05
743,0.05015,0.05
744,0.0497,0.05
745,0.0515,0.05
746,0.04795,0.05
747,0.04805,0.05
748,0.0492,0.05
749,0.04955,0.05
750,0.0519,0.05
751,0.04675,0.05
752,0.04915,0.05
753,0.0523,0.05
754,0.05045,0.05
755,0.05025,0.05
756,0.05195,0.05
757,0.052,0.05
758,0.04745,0.05
759,0.0532,0.05
760,0.0513,0.05
761,0.05,0.05
762,0.04895,0.05
763,0.05405,0.05
764,0.05165,0.05
765,0.0516,0.05
766,0.04945,0.05
767,0.05165,0.05
768,0.0513,0.05
769,0.0488,0.05
770,0.0501,0.05
771,0.049,0.05
772,0.0508,0.05
773,0.05035,0.05
774,0.0515,0.05
775,0.0485,0.05
776,0.04835,0.05
777,0.05005,0.05
778,0.05015,0.05
779,0.05155,0.05
780,0.0479,0.05
781,0.0501,0.05
782,0.0516,0.05
783,0.0483,0.05
784,0.0484,0.05
785,0.052,0.05
786,0.0481,0.05
787,0.05095,0.05
788,0.05155,0.05
789,0.0533,0.05
790,0.04865,0.05
791,0.0488,0.05
792,0.0481,0.05
793,0.04985,0.05
794,0.0517,0.05
795,0.04925,0.05
796,0.04885,0.05
797,0.0503,0.05
798,0.05275,0.05
799,0.0515,0.05
800,0.0509,0.05
801,0.04975,0.05
802,0.0481,0.05
803,0.05095,0.05
804,0.04755,0.05
805,0.05,0.05
806,0.0526,0.05
807,0.04995,0.05
808,0.0512,0.05
809,0.04775,0.05
810,0.05025,0.05
811,0.05285,0.05
812,0.0486,0.05
813,0.05025,0.05
814,0.04945,0.05
815,0.0467,0.05
816,0.0483,0.05
817,0.04925,0.05
818,0.05095,0.05
819,0.0502,0.05
820,0.05155,0.05
821,0.04895,0.05
822,0.0509,0.05
823,0.0519,0.05
824,0.0502,0.05
825,0.0494,0.05
826,0.05005,0.05
827,0.04765,0.05
828,0.04945,0.05
829,0.0489,0.05
830,0.0488,0.05
831,0.04765,0.05
832,0.0525,0.05
833,0.0522,0.05
834,0.0505,0.05
835,0.05245,0.05
836,0.0508,0.05
837,0.05095,0.05
838,0.0516,0.05
839,0.0492,0.05
840,0.0512,0.05
841,0.05065,0.05
842,0.04915,0.05
843,0.05175,0.05
844,0.0485,0.05
845,0.05015,0.05
846,0.0502,0.05
847,0.04905,0.05
848,0.04815,0.05
849,0.05265,0.05
850,0.049,0.05
851,0.04965,0.05
852,0.05295,0.05
853,0.04915,0.05
854,0.05215,0.05
855,0.0486,0.05
856,0.04865,0.05
857,0.0506,0.05
858,0.04795,0.05
859,0.0489,0.05
860,0.0474,0.05
861,0.0515,0.05
862,0.05,0.05
863,0.04975,0.05
864,0.0525,0.05
865,0.05105,0.05
866,0.04885,0.05
867,0.0477,0.05
868,0.04905,0.05
869,0.0504,0.05
870,0.05165,0.05
871,0.0513,0.05
872,0.04835,0.05
873,0.0475,0.05
874,0.05115,0.05
875,0.04915,0.05
876,0.04915,0.05
877,0.04845,0.05
878,0.0514,0.05
879,0.05295,0.05
880,0.0504,0.05
881,0.0494,0.05
882,0.0509,0.05
883,0.0473,0.05
884,0.0493,0.05
885,0.04825,0.05
886,0.0505,0.05
887,0.0491,0.05
888,0.04925,0.05
889,0.0455,0.05
890,0.05125,0.05
891,0.04915,0.05
892,0.05055,0.05
893,0.05065,0.05
894,0.04925,0.05
895,0.05225,0.05
896,0.04865,0.05
897,0.0498,0.05
898,0.04845,0.05
899,0.05025,0.05
900,0.04925,0.05
901,0.05125,0.05
902,0.04905,0.05
903,0.04985,0.05
904,0.0498,0.05
905,0.05105,0.05
906,0.0503,0.05
907,0.05015,0.05
908,0.04885,0.05
909,0.0482,0.05
910,0.048,0.05
911,0.05025,0.05
912,0.0498,0.05
913,0.04575,0.05
914,0.05035,0.05
915,0.05145,0.05
916,0.0522,0.05
917,0.04955,0.05
918,0.05165,0.05
919,0.04955,0.05
920,0.04975,0.05
921,0.04615,0.05
922,0.04975,0.05
923,0.05085,0.05
924,0.0495,0.05
925,0.0483,0.05
926,0.04585,0.05
927,0.0495,0.05
928,0.0486,0.05
929,0.05085,0.05
930,0.0496,0.05
931,0.0515,0.05
932,0.04995,0.05
933,0.05155,0.05
934,0.04985,0.05
935,0.0497,0.05
936,0.05265,0.05
937,0.0505,0.05
938,0.05145,0.05
939,0.0483,0.05
940,0.0478,0.05
941,0.05,0.05
942,0.05045,0.05
943,0.04895,0.05
944,0.04875,0.05
945,0.04895,0.05
946,0.0502,0.05
947,0.0496,0.05
948,0.04805,0.05
949,0.04895,0.05
950,0.04995,0.05
951,0.04895,0.05
952,0.05045,0.05
953,0.051,0.05
954,0.0489,0.05
955,0.05155,0.05
956,0.05235,0.05
957,0.05065,0.05
958,0.04895,0.05
959,0.05135,0.05
960,0.0488,0.05
961,0.0476,0.05
962,0.05025,0.05
963,0.0523,0.05
964,0.04795,0.05
965,0.05215,0.05
966,0.05325,0.05
967,0.0493,0.05
968,0.0478,0.05
969,0.05125,0.05
970,0.04985,0.05
971,0.0508,0.05
972,0.04945,0.05
973,0.0498,0.05
974,0.04945,0.05
975,0.04825,0.05
976,0.0479,0.05
977,0.05035,0.05
978,0.05035,0.05
979,0.05065,0.05
980,0.0526,0.05
981,0.04845,0.05
982,0.04995,0.05
983,0.04855,0.05
984,0.0503,0.05
985,0.05,0.05
986,0.04955,0.05
987,0.0493,0.05
988,0.0483,0.05
989,0.04785,0.05
990,0.04885,0.05
991,0.0514,0.05
992,0.05015,0.05
993,0.0494,0.05
994,0.05185,0.05
995,0.0518,0.05
996,0.0477,0.05
997,0.0473,0.05
998,0.0518,0.05
999,0.0502,0.05
